{
    "loss": 7.744588851928711,
    "accuracy": 0.5086206793785095
}