{
    "loss": 0.4382495880126953,
    "accuracy": 0.9137930870056152
}